<?xml version="1.0" encoding="UTF-8" standalone="yes"?>
<addon id="plugin.program.mediacube" name=" MediaCube Wizard"  provider-name="mediacube" version="1.1">
  <requires>
    <import addon="xbmc.python" version="2.1.0"/>
    <import addon="script.module.addon.common" version="2.0.0"/>
  </requires>
  <extension point="xbmc.python.pluginsource" library="default.py">
        <provides>executable</provides>
  </extension>
  <extension point="xbmc.service" library="service.py" start="startup" />
  <extension point="xbmc.addon.metadata">
    <summary lang="en">MediaCube Wizard</summary>
	<description>Media Cube Update Wizard - Keep your Media Cube up-to-date with the latest build, add-ons and features.</description>
    <ref>389e2acd7c9ffae36b018daff7608142</ref>
    <platform>all</platform>
  </extension>
</addon>
